105,Margit,Darline,Jarred,1,Kippy
174,Thornton,Gilemette,Rufe,2,Amara
283,Marion,Maryjo,Gris,3,Lena
501,Vivi,Ida,Patrizia,4,Eyde
763,Chrissy,Amye,Aidan,5,Rafaela
979,Cornell,Berne,Gerladina,6,Ax
652,Feodora,Joyan,Maressa,7,Selinda
404,Madge,Noll,Brenn,8,Valentia
529,Orion,Orson,Porty,9,Dolli
691,Duke,Justine,Raynard,10,Yuma
818,Riordan,Kathi,Roselia,11,Guy
191,Anitra,Mitch,Burk,12,Terri
166,Marianne,Godiva,Shurlock,13,Ruthanne
943,Rosanne,Garnet,Matelda,14,Charisse
590,Flem,Maris,Sky,15,Jody
90,Dahlia,Anissa,Werner,16,Tailor
428,Daffie,Giff,Tailor,17,Janet
564,Bibi,Zachary,Toddy,18,Bertram
232,Rey,Thomasa,Georgine,19,Eva
131,Pris,Doe,Keefe,20,Cristal
581,Deva,Fee,Jerrie,21,Bastien
874,Waverly,Bruis,Hedwiga,22,Elisha
662,Rubi,Garrot,Harli,23,Blancha
593,Saraann,Katey,Vicki,24,Cairistiona
430,Lars,Caressa,Bryant,25,Jewell
700,Karry,Persis,Editha,26,Jenny
249,Vick,Leopold,Nertie,27,Joe
296,Sandy,Riobard,Kahaleel,28,Zared
895,Delphinia,Gisella,Marsiella,29,Aryn
491,Zelda,Ethan,Chloe,30,Denny
289,Licha,Stavros,Nydia,31,Beatrice
218,Maryl,Lea,Betteann,32,Kirbee
948,Arlinda,Derrick,Celka,33,Franciskus
236,Caye,Leroy,Jozef,34,Shir
678,Adria,Clarinda,Ferd,35,Kevon
322,Wendell,Lane,Bernelle,36,Darby
537,Halie,Webster,Arlinda,37,Ezequiel
165,Bert,Hollis,Erda,38,Anatol
748,Elspeth,Dedie,Kev,39,Jacinthe
678,Mela,Dar,Lou,40,Myra
545,Tait,Palmer,Grenville,41,Nadean
233,Logan,Dredi,Rafaellle,42,Garnette
234,Ashlen,Kylynn,Say,43,Smith
929,Gracie,Pepi,Miguela,44,Ellary
252,Sallyanne,Aubree,Marinna,45,Diann
894,Bald,Ronnica,Julius,46,Dayna
84,Cathie,Glad,Fernando,47,Gene
942,Candy,Portie,Giacopo,48,Danica
363,Stacy,Jacklyn,Antoinette,49,Erastus
194,Bevin,Rochester,Hew,50,Mariele
689,Gaylord,Valentino,Alena,51,Brigitte
378,Lane,Bennie,Pierre,52,Portie
692,Nikkie,Kliment,Angela,53,Eugenie
65,Harrie,Jo-anne,Lonni,54,Darren
914,Kerry,Nesta,Selinda,55,Mary
333,Ursuline,Aprilette,Joshuah,56,Theodora
776,Dee,Inesita,Allene,57,Jobey
390,Sargent,Tiffy,Abigail,58,Lucky
973,Penelopa,Ambrosio,Whitby,59,Agretha
611,Monty,Ivett,Darbie,60,Millisent
624,Hughie,Fawn,May,61,Egor
48,Lorene,Anstice,Olive,62,Bab
127,Jamima,Delia,Hephzibah,63,Tamar
717,Lib,Idette,Yorgo,64,Niall
227,Padgett,Yalonda,Jo,65,Maris
638,Alexi,Aylmer,Alfonse,66,Ripley
350,Joycelin,Noah,Lesley,67,Debra
9,Caldwell,Tabitha,Marianne,68,Juliann
234,D'arcy,Jasmin,Isahella,69,Letti
728,Pierre,Giulia,Shelbi,70,Roarke
720,Gerek,Lacee,Josee,71,Cindy
213,Marvin,Darlene,Gwenora,72,Laurella
221,Pearle,Gillian,Durand,73,Nichole
491,Erma,Mace,Klarrisa,74,Nickie
524,Chrotoem,Ade,Beret,75,Atlante
825,Alta,Durante,Emmalynn,76,Reinwald
62,Carie,Armando,Darn,77,Fara
522,Friedrick,Willabella,Jerald,78,Isabelle
960,Efren,Bjorn,Jemmie,79,Jamesy
673,Wadsworth,Deerdre,Case,80,Gerry
906,Fedora,Ashli,Maxy,81,Luelle
64,Sam,Archibaldo,Kylie,82,Allianora
565,Herby,Lilla,Gabbi,83,Annalise
527,Joelynn,Creight,Randy,84,Alphard
364,Elsy,Jermaine,Karil,85,Sheppard
109,Clarine,Cazzie,Ketty,86,Michail
334,Justino,Guillaume,Julie,87,Cassy
656,Ranice,Gracia,Dominick,88,Jaymie
810,Anabel,Nicolis,Marilyn,89,Pepe
261,Griffin,Brinna,Cecile,90,Bekki
414,Dru,Kylie,Jethro,91,De witt
349,Eamon,Inge,Myrwyn,92,Roth
960,Renie,Jane,Rozella,93,Elaine
501,Jens,Morey,Erminia,94,Egan
849,Verne,Fran,Corry,95,Shirley
750,Corrine,Etta,Wilden,96,Dawna
483,Fairfax,Ariella,Elyse,97,Elliot
105,Chris,Trumann,Konstantin,98,Sherm
42,Ambros,Olenolin,Krysta,99,Hugues
493,Ford,Rees,Saxe,100,Welsh
675,Kelly,Yoko,Ceciley,101,Cull
563,Nona,Jaynell,Mahalia,102,Nollie
283,Charlton,Aubrey,Margaretta,103,Mercie
396,Sibby,Wood,Melvin,104,Bertha
648,Nadeen,Odell,Chiarra,105,Jobie
626,Lynett,Stafford,Ludovico,106,Yetty
454,Kippie,Adara,Ware,107,Hortense
982,Kaycee,Laraine,Marysa,108,Kennan
418,Alexia,Doloritas,Slade,109,Clarke
289,Putnem,Jacenta,Flor,110,Hobart
241,Martainn,Freddie,Neall,111,Tan
252,Leigh,Starla,Mortimer,112,Alon
865,Nara,Jenilee,Nappy,113,Eloisa
476,Genni,Vernon,Roze,114,Margalit
795,Karia,Jarred,Sheri,115,Shirlee
495,Valentine,Ki,Inigo,116,Briana
228,Lennie,Hi,Nils,117,Shadow
261,Rik,Leeland,Dorrie,118,Natalina
225,Marlee,Kory,Sibley,119,Livvie
993,Russell,Aubrey,Benoite,120,Ramonda
362,Federico,Merell,Claudette,121,Susann
942,Joscelin,Amye,Mickie,122,Beck
608,Koren,Hernando,Eldin,123,Lawrence
801,Jodi,Maisey,Hali,124,Annissa
331,Kirbee,Basilius,Florina,125,Chelsie
389,Donal,Geoffrey,Andriette,126,Giselle
535,Marlee,Nannette,Carlen,127,Ruthie
875,Vanna,Siusan,Gaile,128,Reube
567,Zenia,Glennie,Rosalie,129,Renato
129,Huntlee,Ingunna,Jeffry,130,Theobald
744,Sophey,Kimble,Jilleen,131,Herb
755,Farrah,Tiphany,Berny,132,Brion
808,Alyssa,Eryn,Tobin,133,Aviva
152,Emmett,Patrice,Ealasaid,134,Che
173,Minerva,Zacherie,Kent,135,Brandice
724,Torrance,Grata,Joyann,136,Dacey
557,Sharla,Lynne,Duke,137,Gavrielle
360,Clifford,Dory,Foster,138,Goober
875,Gerard,Emmott,Cindee,139,Spencer
692,Correy,Genna,Sigfrid,140,Rich
858,Edan,Adolph,Viviana,141,Filmore
602,Bobbi,Fionnula,Shelby,142,Lonnard
41,Shawn,Tomaso,Ebenezer,143,Jacky
962,Kamillah,Odie,Jackson,144,Constance
628,Helge,Roarke,Elwyn,145,Gae
965,Yancey,Robbi,Rebeka,146,Ginnie
902,Stuart,Merrick,Juliana,147,Brandais
434,Nichole,Martin,Brear,148,Luigi
85,Isidoro,Roscoe,Anatollo,149,Hastie
968,Brewer,Claire,Tera,150,Lina
504,Tracie,Vivienne,Heidi,151,Robbyn
357,Alfredo,Trescha,Harv,152,Curry
204,Lyn,Suki,Albertina,153,Sollie
506,Allene,Shelley,Tonya,154,Ugo
451,Bernhard,Jaime,Vaughan,155,Lilia
369,Monika,Lowe,Cleveland,156,Cahra
954,Austen,Elva,Cully,157,Sal
806,James,Cassey,Elva,158,Michaelina
635,Marietta,Shari,Ynes,159,Zsa zsa
833,Ermengarde,Minni,Colman,160,Cam
576,Delaney,Clayson,Elyn,161,Bertine
84,Cynde,Avril,Doti,162,Kirby
459,Lynett,Siobhan,Bernice,163,Jane
230,Enrika,Eleonora,Pet,164,Pammy
388,Claire,Abigail,Dag,165,Almeria
691,Cornelius,Trudey,Flem,166,Amata
368,Rowe,Cindee,Bernita,167,Lloyd
105,Antin,Carrissa,Nicholle,168,Jordan
964,Flore,Donal,Lynnelle,169,Doralin
88,Karalynn,Tresa,Pru,170,Felicia
553,Sandie,Aluino,Blake,171,Web
552,Sam,Maribelle,Felisha,172,Sonny
931,Dael,Killy,Florance,173,Paolina
251,Brittne,Merrill,Benedikta,174,Cherie
522,Abrahan,Daisy,Renaldo,175,Yardley
494,Bambie,Estelle,Allina,176,Nonnah
122,Erna,Bethina,Alex,177,Bill
15,Augustine,Baillie,Byram,178,Sherill
407,Borg,Rafferty,Cora,179,Sibilla
534,Myrle,Maximo,Elsa,180,Kimberley
951,Teddie,Hendrika,Caitrin,181,Elysha
836,Damita,Dorelle,Nowell,182,Bonnee
341,Ferrel,Jocelyne,Winny,183,Gracie
181,Michaelina,Harcourt,Merle,184,Aubrette
985,Bellina,Corbin,Patricia,185,Lewes
143,Jan,Mildred,Lonni,186,Wilona
742,Debbie,Hurlee,Eada,187,Mose
647,Anderson,Geoffrey,Tamara,188,Ariadne
619,Melisandra,Caren,Craggie,189,Cherri
88,Hyatt,Chrisse,Layney,190,Silvia
601,Kassey,Murdoch,Brandy,191,Daisie
64,Clea,Vinnie,Eleonora,192,Zelig
920,Bran,Renata,Marchelle,193,Orelie
411,Claude,Tatum,Ali,194,Nikola
935,Charyl,Berti,Man,195,Rocky
444,Marshal,Reidar,Bengt,196,Jobyna
714,Terri,Alf,Kori,197,Arturo
846,Denver,Lawry,Jackie,198,Orly
989,Nikoletta,Cristiano,Stephannie,199,Ursola
651,Caria,Luella,Allsun,200,Clare
69,Meggie,Ikey,Jimmie,201,Sibilla
677,Marion,Eleanora,Karyl,202,Dorian
111,Glenna,Olympe,Margeaux,203,Howie
324,Denys,Isidor,Matthus,204,Rosie
266,Salli,Di,Deirdre,205,Clemence
437,Kaylee,Krissy,Linoel,206,Margalit
110,Demetre,Nancie,Northrup,207,Dyana
20,Shayne,Anni,Adella,208,Owen
734,Eda,Dallas,Edmon,209,Ciel
400,Niki,Lind,Letizia,210,Faina
311,Koenraad,Frederik,Robinson,211,Frazer
831,Vasili,Karola,Jenica,212,Nichole
11,Malchy,Greggory,Karlan,213,Damara
546,Margalo,Myrwyn,Archy,214,Romonda
210,Sarajane,Abby,Clementine,215,Wilhelmina
649,Shoshanna,Consuela,Byron,216,Marabel
665,Lefty,Fania,Aguistin,217,Weider
798,Bernadine,Ulick,Marlene,218,Clari
732,Bertrando,Ludwig,Parker,219,Oswell
199,Odette,Arman,Penelope,220,Duff
54,Mabel,Edgardo,Elmore,221,Fanchette
278,Fredrick,Clemmy,Latia,222,Erin
414,Jena,Chevy,Sadye,223,Fredrika
129,Ephrem,Emmalynn,Adelina,224,Ermentrude
989,Carena,Curtice,Jerrilee,225,Bond
420,Pavia,Nealson,Inglis,226,Cliff
771,Fabe,Golda,Job,227,Benedikt
861,Rowan,Meryl,Tova,228,Der
864,Darin,Norbert,Sheff,229,Mortie
169,Belle,Sammie,Lani,230,Helaine
677,Sonni,Dorian,Lacey,231,Alison
687,Engelbert,Dani,Diarmid,232,Gavan
99,Junie,Gnni,Gwenora,233,Jeniffer
576,Barbabas,Ruby,Essa,234,Florian
405,Kevan,Tyrus,Clementina,235,Phineas
652,Blakelee,Eimile,Burl,236,Neda
158,Bernardina,Ronnie,Nancey,237,Daphene
698,Evania,Trenna,Madelon,238,Harland
758,Arturo,Kaspar,Annabal,239,Danell
894,Lu,Cornelle,Kaia,240,Herc
857,Malachi,Rafael,Annie,241,Leanna
461,Remington,Ingemar,Manny,242,Charissa
379,Joni,Nikolaos,Jolee,243,Brigid
367,Shaylah,Zulema,Micheal,244,Jannelle
283,Abelard,Regan,Derrik,245,Raymond
568,Gallagher,Duane,Lauralee,246,Corbet
336,Rhoda,Edd,Kalindi,247,Lee
213,Isador,Konstance,Gilles,248,Vitoria
993,Deva,Gianina,Debora,249,Jo
233,Vikky,Archie,Kati,250,Richy
446,Napoleon,Adah,Dominica,251,Shannen
333,Gaylene,Everard,Peggy,252,Brittani
412,Noll,Ignaz,Melinde,253,Reggy
621,Octavia,Jerome,Christie,254,Reeta
512,Maren,Smitty,Nat,255,Delano
115,Morlee,Rurik,Raffarty,256,Alicea
596,Berny,Stephi,Amerigo,257,Jeff
506,Keelby,Helen-elizabeth,Minny,258,Vite
762,Ingamar,Bartlet,Raynard,259,Meg
444,Pierrette,Roarke,Rozanne,260,Elle
15,Matteo,Norah,Prinz,261,Meta
783,Ashleigh,Rickey,Layney,262,Bondie
45,Fidole,Gerianna,Hana,263,Shelby
908,Lethia,Bondy,Belita,264,Alexis
710,Farra,Nichol,Babbette,265,Ardyth
252,Ches,Minor,Stacie,266,Almeria
364,Melisa,Jessalyn,Fletch,267,Harrietta
149,Bartram,Karlie,Melisent,268,Anne-marie
778,Ferdinande,Cash,Saul,269,Julianna
757,Patty,Henrietta,Doe,270,Eirena
185,Ginni,Rosita,Phineas,271,Mohammed
63,Arv,Catherine,Andriana,272,Iorgos
215,Felicity,Korney,Norina,273,Audre
291,Cliff,Lonee,Tye,274,Alfredo
917,Harris,Aharon,Ole,275,Abran
484,Aksel,Umeko,Victoir,276,Alford
557,Michaela,Tami,Lezley,277,Selma
862,Karena,Matthiew,Loy,278,Joellyn
334,Bryon,Jillayne,Malachi,279,Jilly
837,Roshelle,Giulia,Alison,280,Florina
850,Ambur,Alyda,Crystal,281,Ertha
821,Ruthie,Max,Cristi,282,Ari
868,Slade,Poul,Dex,283,Ketti
821,Kaleb,Hyacinth,Ronica,284,Emanuel
463,Loy,Rodd,Shandy,285,Dean
139,Dareen,Ollie,Felix,286,Parnell
949,Heather,Fianna,Morgen,287,Alleen
574,Roldan,Emanuele,Joann,288,Germain
235,Calhoun,Ryan,Ellyn,289,Joanne
25,Twyla,Delores,Felicity,290,Gun
243,Wallache,Maryanne,Amalita,291,Rowen
761,Nicoli,Daile,Kaine,292,Eilis
209,Morey,Johnathon,Gordy,293,Lutero
839,Lishe,Lyn,Alva,294,Lissi
70,Banky,Ephrayim,Cristobal,295,Gianni
60,Pedro,Trescha,Georges,296,Batholomew
541,Cosetta,Adelind,Dulce,297,Bernice
193,Jeni,Agnes,Viviana,298,Laetitia
773,Ralph,Revkah,Gal,299,Alexine
139,Carce,Lindon,Allyn,300,Waylin
276,Eilis,Dougie,Leland,301,Elyssa
472,Yulma,Ofella,Barbabas,302,Wilburt
291,Hedvige,Kari,Man,303,Nicolas
305,Mallissa,Kristen,Brooks,304,Hynda
990,Aundrea,Jaclin,Gerome,305,Care
66,Sherwynd,Lissi,Isobel,306,Jacklyn
798,Maritsa,Carol-jean,Phaedra,307,Cordie
816,Ellynn,Brunhilda,Torre,308,Angele
66,Roanna,Trevar,Graehme,309,Hans
774,Shea,Nixie,Winona,310,Asia
98,Artus,Timotheus,Orville,311,Alexis
279,Jeramie,Banky,Wilhelm,312,Elbertina
164,Jacintha,Marielle,Weider,313,Patten
682,Merl,Torey,Early,314,Laurel
709,Barty,Roland,Lyle,315,Kiley
238,Belicia,Minetta,Mirilla,316,Inez
691,Oberon,Germain,Sandy,317,Lonny
985,Mohandas,Hobart,Teirtza,318,Natalina
119,Jilli,Teodora,Cheryl,319,Osborne
573,Naoma,Laurianne,Mavra,320,Catherin
927,Cherice,Brinna,Cecily,321,Orlando
37,Vincent,Dana,Vladamir,322,Madonna
670,Ash,Niki,Bonnie,323,Georgie
70,Saloma,Maryrose,Anthony,324,Nicholle
118,Ede,Patton,Caz,325,Cahra
337,Rianon,Reinald,Hulda,326,Merill
700,Giffy,Katya,Gertruda,327,Jacky
110,Pen,Nial,Maxim,328,Herbert
397,Margret,Odessa,Windham,329,Cara
616,Bord,Lucretia,Carissa,330,Nicola
823,Bone,Edi,Pernell,331,Trueman
836,Jean,Kennie,Elsy,332,Gisella
784,Knox,Emmye,Nikita,333,Etheline
452,Duke,Steven,Tressa,334,Darrell
982,Holly-anne,Leeann,Shoshanna,335,Meredith
432,Evered,Corena,Terry,336,Janeen
451,Ky,Janis,Bradan,337,Aurelie
377,Janeczka,Tansy,Miller,338,Bunnie
47,Cherise,Clayson,Celie,339,Marietta
550,Katina,Clarey,Ethe,340,Thane
617,Sonnnie,Toiboid,Tamar,341,Giralda
764,Farrah,Alexis,Ammamaria,342,Jerrie
259,Lorry,Salomi,Ray,343,Onofredo
564,Lois,Jo ann,Maurie,344,Dawn
518,Burton,Lynna,Bambie,345,Ashbey
608,Justus,Ileana,Theresina,346,Aliza
397,Ag,Bettina,Alleyn,347,Danica
328,Letisha,Ethelred,Raymund,348,Jasmine
815,Tallia,Chase,Athena,349,Mureil
928,Kessia,Rudolfo,Karalee,350,Tabb
921,Verney,Waly,Anthea,351,Shaughn
547,Emlyn,Fancie,Sybil,352,Ronica
356,Mar,Lee,Mareah,353,Helaina
187,Annadiana,Valene,Morgen,354,Darryl
907,Adora,Birdie,Sibella,355,Philippa
510,Reade,Amby,Jacynth,356,Beverlie
609,Klement,Marcelia,Malia,357,Caye
872,Cindra,Portia,Hatti,358,Patrizius
803,Luce,Maximilianus,Patricia,359,Maribeth
739,Catriona,Robby,Huey,360,Man
949,Viv,Bennie,Janis,361,Lura
572,Stormi,Curran,Kaspar,362,Paloma
325,Myrwyn,Rosalia,Cassi,363,Gunther
29,Alano,Clementine,Eveleen,364,Buck
122,Murvyn,Marc,Augie,365,Vivia
605,Tyson,Trenton,Dagmar,366,Meyer
940,Arlena,Vitia,Felipe,367,Gaby
968,Munmro,Marlow,Talbot,368,Jacenta
610,Holt,Brady,Jesse,369,Avram
65,Anya,Gabriele,Franklyn,370,Katine
397,Nina,Cindee,Madalyn,371,Frasquito
240,Clovis,Magda,Sean,372,Kassia
560,Heloise,Jenni,Eleanora,373,Zebulon
710,Adoree,Wanda,Caritta,374,Tucker
856,Odilia,Morissa,Leonerd,375,Sig
427,Cathrin,Patten,Kalinda,376,Leonerd
436,Jerry,Bertrand,Karoly,377,Shalne
437,Tucker,Lucho,Benny,378,Charles
917,Eward,Zilvia,Michaeline,379,Georges
336,Lynette,Florencia,Ashbey,380,Felicia
889,Crystal,Kipp,Gayel,381,Jeanette
589,Merrily,Mickie,Tabitha,382,Nell
845,Goober,Dniren,Zechariah,383,Roda
947,Merilyn,Asa,Raquela,384,Mathilda
124,Wynny,Jecho,Helen-elizabeth,385,Geri
964,Agnola,Kenna,Erny,386,Jennine
821,Jervis,Gearalt,Adolphus,387,Odelinda
539,Simeon,Rozalin,Kylie,388,Alvie
947,Oliy,Malcolm,Kassey,389,Pearline
418,Rafaello,Galven,Codi,390,Gail
955,Norina,Durward,Jami,391,Hillel
74,Evangelia,Deanna,Halimeda,392,Hilliary
884,Amara,Jolee,Deeann,393,Mercy
270,Carlynn,Murdoch,Casey,394,Carling
486,Johnette,Cristen,Lanny,395,Reginald
480,Gallard,Kass,Carmita,396,Lorettalorna
802,Doralia,Odella,Jeremy,397,Bancroft
931,Daron,Caterina,Pansy,398,Lillian
889,Hort,Lee,Vin,399,Julieta
387,Anallise,Irving,Celesta,400,Laurie
968,Dov,Clementina,Briggs,401,Barrett
465,Lenore,Letizia,Doralyn,402,Zaria
226,Shaylyn,Pall,Venus,403,Kalli
941,Carny,Fitz,Silvio,404,Farrell
726,Bryna,Dale,Minny,405,Allan
467,Gayle,Bernhard,Mable,406,Poul
355,Berton,Merry,Nadia,407,Britni
299,Dianemarie,Cross,Matti,408,Dimitry
840,Cherey,Kinna,Wilie,409,Aurel
872,Iorgos,Rancell,Charo,410,Carlyn
813,Raymond,Louisette,Camey,411,Felecia
311,Ly,Ware,Jackqueline,412,Reinwald
457,Donia,Derrik,Arni,413,Iormina
75,Algernon,Sal,Clementina,414,Derrik
213,Bertie,Moira,Donna,415,Kassi
780,Maribelle,Pablo,Lucian,416,Brittany
356,Desi,Onfroi,Sayre,417,Chalmers
771,Emelda,Zoe,Torrence,418,Trude
908,Lesly,Emlyn,Gardy,419,Josee
802,Emelia,Yoshiko,Kristen,420,Seymour
594,Mella,Angel,Thorpe,421,Bethanne
220,Trey,Florance,Hermine,422,Leanor
259,Alidia,Maury,Denyse,423,Audy
477,Gilberte,Mellisa,Shandy,424,Skell
360,Caril,Eddy,Richmond,425,Jilly
340,Freddy,Gabi,Morse,426,Milo
47,Othilie,Vivyanne,Lawrence,427,Ettore
785,Edith,Sheilah,Brit,428,Garrett
873,Reginauld,Abba,Schuyler,429,Patty
925,Aurlie,Skye,Daloris,430,Delila
306,Rachelle,Addi,Robinson,431,Shirlee
390,Stacy,Kienan,Bendite,432,Bibbie
546,Amy,Pat,Laural,433,Huberto
928,Kacy,Noelani,Any,434,Cornelius
483,Celia,Kamillah,Wait,435,Velvet
23,Wynn,Gail,Rock,436,Kacie
59,Dannie,Jillane,Sheffield,437,Averyl
327,Lorine,Benita,Micheil,438,Devonne
202,Jenica,Sallyann,Gene,439,Ive
269,Hillary,Phil,Naomi,440,Shamus
9,Hobey,Mirabella,Reina,441,Jordan
284,Reece,Terri-jo,Washington,442,Moore
494,Natalie,Claiborne,Colver,443,Alisa
292,Mattie,Dorris,Joya,444,Quinn
315,Corrinne,Lay,Caro,445,Clemmy
740,Bonni,Olivette,Chicky,446,Barnaby
958,Alan,Carmine,Damara,447,Olympe
187,Catrina,Lorenzo,Whit,448,Gabey
117,Ferdinanda,Grethel,Keary,449,Dodie
698,Gwenneth,Ethelyn,Danika,450,Imogene
150,Starla,Wittie,Raquela,451,Brandy
793,Berny,Billi,Cindee,452,Rhodia
530,Kim,Mirabel,Lilllie,453,Peyter
870,Teddy,Jacky,Dacia,454,Veronika
680,Debera,Tamma,Berny,455,Maye
832,Koralle,Tommie,Margalit,456,Leon
30,Sabra,Devon,Casey,457,Talyah
146,Leola,Elaina,Demeter,458,Ariel
507,Tami,Baily,Adrienne,459,Boigie
36,Devinne,Gloriana,Dasie,460,Bill
803,Paulie,Norina,Ethelyn,461,Benedikta
990,Aggy,Jeanette,Miof mela,462,Vanna
948,Roxanna,Marianna,Viviana,463,Brandi
799,Les,Harmonia,Regan,464,Melisa
941,Dinah,Humphrey,Lynnelle,465,Roarke
928,Tatiana,Harlen,Daren,466,Robenia
729,Felita,Lynda,Sylas,467,Cash
600,Hagen,Irita,Maureene,468,Myrtle
354,Lynea,Nanni,Minda,469,Karl
784,Rosalind,Eden,Mike,470,Marjy
601,Jo-ann,Mickie,Wallace,471,Robinet
481,Bertine,Ephrem,Valencia,472,Matt
44,Darby,Renae,Cris,473,Derron
137,Farand,Fenelia,Teirtza,474,Nicko
777,Milly,Shaun,Nichole,475,Maison
469,Laverne,Cal,Leroi,476,Wilt
787,Jacinta,Lew,Rebbecca,477,Teresa
8,Avie,Garv,Brianne,478,Corliss
818,Patrice,Kaia,Vickie,479,Helaina
930,Ramona,Kassie,Lebbie,480,Aurelie
143,Camille,Lorelei,Christy,481,Dacey
691,Con,Cirillo,Vera,482,Kerrin
570,Dieter,Edie,Ursuline,483,Gherardo
148,Stan,Fayina,Broderick,484,Katy
684,Pauli,Wandis,Winn,485,Darin
223,Clarette,Consalve,Bea,486,Efrem
957,Ruggiero,Krisha,Levin,487,Ole
847,Claudelle,Essy,Issie,488,Cornie
407,Petrina,Patty,Aline,489,Aaron
230,Ivie,Priscilla,Nertie,490,Elsi
351,Walt,Loree,Athene,491,Illa
116,Engracia,Walsh,Creighton,492,Ansell
507,Drucill,Loria,Elisabeth,493,Shaylynn
603,Erna,Joscelin,Clem,494,Rhianna
537,Loni,Lorens,Frants,495,Nate
383,Morissa,Lisle,Joni,496,Constance
744,Ab,Farley,Rutherford,497,Price
708,Gratiana,Gearalt,Vivyan,498,Mandie
472,Corine,Winfred,Ryann,499,Conn
358,Yurik,Val,Lauraine,500,Yurik
103,Wilton,Lancelot,Lucas,501,Cinderella
222,Gerick,Alfy,Sylas,502,Trudi
191,Emiline,Cale,Roscoe,503,Jeni
91,Karissa,Ryann,Sadye,504,Jan
98,Matthew,Isaac,Mattie,505,Billy
39,Myra,Debra,Sadye,506,Marmaduke
778,Dulcie,Bidget,Cherilynn,507,Kerwin
350,Alie,Randolph,Seamus,508,Alley
734,Wallis,Shelton,Stewart,509,Roselle
502,Farrel,Claudine,Tabbie,510,Kenyon
601,Evan,Lana,Paulo,511,Reta
360,Alfreda,Marna,Tadeo,512,Kathryn
882,Ava,Kippar,Linc,513,Fred
2,Terese,Marv,Diena,514,Bink
562,Lizzy,Gustavo,Cynthie,515,Jacklyn
6,Sigismund,Laurella,Sal,516,Alia
615,Ilise,Astrid,Rodrique,517,Piotr
873,Romy,Rosalynd,Freddie,518,Anatollo
315,Leigha,Yorker,Shelagh,519,Adrianna
21,Valentia,Tori,Sawyere,520,Ryon
773,Margit,Edmund,Beilul,521,Christabel
643,Joni,Lebbie,Jacquenette,522,Stu
82,Mandel,Kristine,Bebe,523,Jada
874,Benson,Filip,Harlene,524,Thornton
396,Lee,Franky,Ignace,525,Kaila
440,Godfree,Pen,Shayne,526,Vasili
513,Alexandro,Doretta,Felizio,527,Brannon
971,Sean,Gianna,Skippie,528,Forbes
788,Tucker,Kaine,Pancho,529,Rem
390,Eb,Evvy,Fifi,530,Marvin
652,Stacee,Darrelle,Olag,531,Melissa
502,Roderigo,Sylvan,Elspeth,532,Therese
684,Reade,Sonnnie,Berkly,533,Gabbi
217,Skippy,Bertram,Rici,534,Fraze
60,Perry,Bertie,Imojean,535,Gwennie
427,Starla,Cale,Vonni,536,Gottfried
216,Dan,Caryl,Reba,537,Agace
398,Brennan,Sinclair,Isaiah,538,Osmond
672,Gladi,Shoshanna,Cairistiona,539,Tedra
821,Anissa,Blaine,Say,540,Wendel
734,Sig,Dirk,Morley,541,Wendeline
978,Taryn,Gayle,Loydie,542,Olympe
239,Malory,Vittorio,Beau,543,Ethelred
838,Cynde,Hilliard,Kory,544,Charin
215,Dolli,Freddie,Lazare,545,Adina
6,Prescott,Sutherland,Cosmo,546,Toma
349,Melli,Kaia,Derk,547,Garey
762,Lindsay,Opaline,Artur,548,Shandie
172,Rorie,Robb,Fred,549,Shalne
781,Kacey,Ambur,Gale,550,Pauly
941,Bobbie,Olive,Dev,551,Batsheva
507,Dan,Jorie,Nancie,552,Tallie
511,Meta,Alyson,Freddi,553,Hester
759,Merrick,Darlleen,Karisa,554,Bell
730,Evangelin,Vinny,Ashien,555,Giffie
543,Donielle,Ingar,Zollie,556,Pierrette
978,Tandy,Gannon,Jacquie,557,Michele
891,Nanny,Raffarty,Janis,558,Eadith
26,Greer,Faulkner,Veriee,559,Raymond
469,Lynne,Ilka,Crichton,560,Cesaro
674,Lindsay,Gertie,Josh,561,Sherwood
466,Neille,Udell,Red,562,Ingaborg
901,Pammi,Tabb,Kaleb,563,Curt
478,Aindrea,Alexandros,Dov,564,Sindee
923,Anatollo,Giovanna,Nelie,565,Freddy
887,Rosana,Laurella,Modestine,566,Farlay
621,Anjela,Claudette,Normy,567,Aylmer
924,Euphemia,Maurita,Arabele,568,Broderick
827,Harman,Iain,Leesa,569,Cole
168,Johnath,Abbot,Beverlee,570,Charlie
16,Hobie,Rivy,Woody,571,Emmery
307,Tine,Kennie,Bell,572,Tibold
530,Brandy,Ibrahim,Nanice,573,Sheffie
57,Kylila,Ranee,Lorine,574,Averyl
739,Eleen,Fraser,Reina,575,Verla
209,Mickey,Phineas,Kale,576,Kiele
961,Bendix,Tyne,Yard,577,Ailyn
647,Dale,Timmie,Lonnie,578,Brade
260,Erinna,Gert,April,579,Tracy
824,Cornie,Brinna,Bruce,580,Dorrie
12,Gustie,Forbes,Turner,581,Brunhilde
363,Lani,Goldi,Liuka,582,Gina
69,Valina,Ashli,Kirsten,583,Rocky
987,Yoko,Barron,Trstram,584,Anastasie
833,Ray,Natal,Claudetta,585,Raf
962,La verne,Lorette,Josephina,586,Adeline
508,Davie,Valentin,Indira,587,Cyrillus
361,Des,Gilda,Clari,588,Mella
240,Giovanna,Pippa,Fifi,589,Nestor
317,Oliviero,Hort,Mirilla,590,Tabor
155,Roley,Jeanine,Ignace,591,Karilynn
123,Rourke,Edwina,Keir,592,Kassie
283,Sigismundo,Latrena,Falito,593,Darcey
204,Lonni,Haily,Carolann,594,Damian
194,Hetty,Herrick,Northrop,595,Hephzibah
520,Annabal,Shandie,Perrine,596,Isaak
787,Gery,Terza,Clementia,597,Dody
181,Madeleine,Sal,Jordain,598,Willamina
190,Hilly,Sibbie,Mada,599,Vita
6,Ramonda,Essie,Mufinella,600,Abeu
61,Seward,Annamaria,Welbie,601,Yorgos
962,Gunilla,Tobit,Dan,602,Gilburt
206,Candie,Lina,Nate,603,Sallee
647,Lev,Sondra,Jard,604,Jacques
704,Cleon,Terry,Wiatt,605,Jule
266,Sheba,Harriot,Elvera,606,Ted
135,Leonidas,Helaina,Barbie,607,Arlene
822,Julee,Hannie,Kelley,608,Horst
719,Nanni,Starr,Rolando,609,Phillie
338,Randolph,Caitrin,Kaile,610,Dun
187,Celesta,Sibeal,Francklyn,611,Vinnie
822,Prince,Jess,Joya,612,Abagail
767,Chick,Maxi,Shanta,613,Luelle
218,Ilse,Nero,Lebbie,614,Donal
328,Carlo,Mendie,Livia,615,Marena
290,Sumner,Denver,Ax,616,Bern
923,Gladys,Katharyn,Steffie,617,Alard
136,Vannie,Ortensia,Valentina,618,Ethelyn
856,Elisabeth,Lilas,Nat,619,Judd
684,Rosalind,Phylis,Bary,620,Meredeth
383,Newton,Alana,Linette,621,Odelinda
560,Burnard,Kori,Dominica,622,Selestina
731,Daphna,Wat,Tiffie,623,Erny
720,Adey,Ysabel,Gwenore,624,Gipsy
945,Eric,Allene,Saidee,625,Maryanne
901,Kerrin,Ignacio,Basil,626,Sergio
988,Miguel,Cristobal,Elroy,627,Tallie
865,Kareem,Marline,Janean,628,Gerrilee
481,Kris,Helen,Winnifred,629,Dre
276,Vonnie,Janos,Melli,630,Fionna
481,Issi,Rayner,Sofia,631,Angele
308,Jana,Milo,Nikolaus,632,Carey
26,Loreen,Dwayne,Lilla,633,Dagny
427,Hermie,Boyce,Kingsly,634,Umeko
361,Allys,Perceval,Cordi,635,Wenda
936,Trula,Shep,Rosaline,636,Zea
568,Horten,Munmro,Mathias,637,Whit
860,Serge,Teodoor,Jacquelyn,638,Keith
603,Colline,Jessee,Katheryn,639,Loleta
861,Cointon,Kelsey,Sherman,640,Ilaire
580,Elnora,Kyle,Dulcinea,641,Esmaria
238,Dyna,Gardy,Bank,642,Othelia
952,Trudie,Jermaine,Rosita,643,Alika
536,Jodi,Maurice,Dulce,644,Eadith
305,Silvana,Ayn,Neilla,645,Colan
489,Hardy,Vin,Gerhardt,646,Rayna
221,El,Astrix,Merrielle,647,Janos
558,Adoree,Abner,Neville,648,Kakalina
895,Craggy,Dorotea,Betteann,649,Meghan
343,Nanci,Francis,Torrance,650,Antonino
664,Guillaume,Mignonne,Winonah,651,Kippy
595,Emily,Dirk,Britte,652,Marlon
851,Arnaldo,Moll,Hugibert,653,Ginger
955,Gawain,Lorin,Lemar,654,Ingamar
839,Emmeline,Antonie,Gabriello,655,Yankee
493,Calley,Appolonia,Tadio,656,Goraud
232,Drew,Celestyna,Quintana,657,Cole
252,Abramo,Keefe,Erasmus,658,Lezley
824,Nial,Cobbie,Sofia,659,Prentiss
486,Norrie,Joe,Lindsy,660,Gwenore
739,Bruis,Pauly,Ansel,661,Dalt
330,Eugene,Latia,Alyce,662,Killie
561,Rodrick,Gerick,Denni,663,Meagan
348,Joly,Julianna,Reggis,664,Janina
842,Kesley,Hendrika,Ilyssa,665,Mona
97,Felicle,Ferris,Donnell,666,Derk
629,Kellen,Orelle,Esmaria,667,Kit
897,Dix,Mace,Jareb,668,Frederich
16,Zorah,Fanechka,Angelle,669,Lucretia
337,Atalanta,Chandra,Kasper,670,Riordan
820,Corella,Lanny,Shannon,671,Rozamond
636,Imogen,Shamus,Annalee,672,Barri
463,Tarrance,Marc,Dominik,673,Killy
327,Joye,Jacquelin,Lezlie,674,Merle
459,Duke,Laurella,Kristopher,675,Pasquale
966,Carley,Maryanna,Berty,676,Garfield
649,Ingaberg,Travis,Chastity,677,Wainwright
723,Gerick,Merill,Morrie,678,Hogan
636,Aretha,Ash,Foster,679,Uta
215,Gaile,Demetri,Tracee,680,Adams
513,Theodore,Gardiner,Emmet,681,Natale
467,Giles,Kellby,Eda,682,Nadya
832,Kane,Naomi,Kaiser,683,Moria
458,Brad,Latrina,Ryun,684,Raimundo
354,Adamo,Alberto,Rachael,685,Ernie
410,Nappy,Ruperto,Saundra,686,Odell
680,Carson,Hillary,Zach,687,Ranique
793,Marlena,Artie,Padriac,688,Michele
767,Nappy,Hirsch,Darelle,689,Filmer
270,Patty,Amory,Maurice,690,Archibold
730,Brendon,Guido,Rickey,691,Cammy
568,Aleksandr,Melina,Justen,692,Layne
109,Em,Genevieve,Shanta,693,Shirline
213,Monique,Ashely,Barrie,694,Melodee
666,Myles,Spense,Myrah,695,Catrina
8,Clarice,Kasey,Kandy,696,Abe
828,Siffre,Kyle,Dora,697,Nelie
102,Jethro,Dolli,Rickie,698,Dredi
135,Hadlee,Stoddard,Rolland,699,Tommie
185,Sondra,Blaine,Rollin,700,Stacee
428,Arabella,Tony,Benjy,701,Valentino
129,Ardisj,Emmalee,Lara,702,Brandie
549,Ripley,Barbabas,Wade,703,Micki
43,Zuzana,Isa,Fleur,704,Luise
926,Ulric,Dwight,Marven,705,Phoebe
56,Dietrich,Nicolais,Warde,706,Gilberta
198,Davis,Lexis,Lorrin,707,Ursola
874,Armando,Clint,Irv,708,Gwenny
354,Bondon,Anatol,Jorgan,709,Mariya
974,Delmor,Staford,Gabe,710,Isidro
772,Christiane,Chrotoem,Chance,711,Gery
498,Galvan,Daven,Jocko,712,Haily
294,Earle,Raimondo,Sherwood,713,Hillery
316,Yetta,Evanne,My,714,Vernen
619,Anthea,Jacinta,Sherman,715,Edgard
2,Netti,Kamila,Rodie,716,Eugenie
941,Margeaux,Rab,Ezmeralda,717,Ivie
220,Randy,Jemmy,Nilson,718,Constantina
649,Gerik,Olivette,Min,719,Lennie
359,Abdul,Gill,Sisely,720,Sergent
894,Tiffy,Winny,Rouvin,721,Jeanette
280,Richart,Erwin,Worth,722,Anneliese
349,Siward,Natala,Opalina,723,Rikki
850,Cam,Charyl,Lyssa,724,Trev
848,Gusty,Biddie,Matilda,725,Janeva
448,Germain,Tyrone,Lora,726,Perri
336,Gwendolen,Matti,Stewart,727,Lucais
887,Rebeca,Karlan,Tracie,728,Alistair
680,Georgianne,Derk,Tymon,729,Janeczka
823,Beilul,Edi,Reade,730,Tybi
150,Amara,Klara,Sumner,731,Matteo
340,Elysee,Zollie,Desiree,732,Celia
384,Beltran,Matthias,Lonna,733,Tyrus
41,Philip,Margarita,Clarette,734,Venita
557,Tonie,Antonin,Maryrose,735,Alyse
204,Charmane,Elyse,Corby,736,Jennilee
492,Charline,Riki,Zilvia,737,Bonnie
509,Fraser,Clary,Herbert,738,Ivory
906,Jessamine,Neall,Marigold,739,Katrina
431,Demott,Bryn,Winny,740,Devina
176,Yard,Udell,Jesse,741,Alyda
197,Oates,Sile,Teddy,742,Paddy
828,Corie,Calhoun,Duffy,743,Clerc
766,Quinn,Earlie,Galvan,744,Caresse
390,Scarface,Amalle,Merrielle,745,Nani
580,Maude,Mufi,Yevette,746,Giorgi
987,Lida,Rosalinda,Ediva,747,Angelina
561,Burl,Silas,Annamaria,748,Cynthia
389,Tabbie,Kailey,Ermengarde,749,Regina
484,Lionello,Rockie,Marvin,750,Davy
604,Antone,Melly,Megen,751,Delly
502,Stavros,Lydie,Beckie,752,Emlen
139,Goldina,Grete,Meggy,753,Allyson
316,Dela,Audi,Alvin,754,Nari
560,Worthy,Terence,Sophia,755,Sonya
335,Hubey,Esme,Naoma,756,Maud
857,Jodee,Lanny,Mariana,757,Zondra
181,Charline,Delano,Emmeline,758,Doralia
534,Renata,Izak,Biron,759,Jermain
102,Rodolphe,Marcella,Margie,760,Hanni
509,Curr,Dyana,Starlin,761,Angelia
48,Kristoforo,Amber,Christopher,762,Kip
897,Tasha,Lil,Trstram,763,Myca
602,Leonhard,Chick,Shelden,764,Lalo
368,Issy,Zachariah,Jermaine,765,Dede
290,Ladonna,Simone,Nataniel,766,My
814,Lyndel,Cristin,Min,767,Breanne
128,Alverta,Immanuel,Leonhard,768,Delaney
354,Gwyneth,Karoly,Culley,769,Clara
892,Lindy,Rancell,Gussie,770,Alice
625,Isaak,Theresa,Elvina,771,Nancy
287,Axel,Tybalt,Wendall,772,Lyle
174,Jameson,Nessi,Marco,773,Marketa
363,Winona,Ethelind,Gabriello,774,Heda
253,Nomi,Jehu,Devin,775,Graeme
670,Marion,Francesco,Elisha,776,Hermina
49,Selma,Gelya,Mickie,777,Eliot
496,Frederico,Faustina,Bradan,778,Rik
878,Leigha,Hyacinthia,Ado,779,Letitia
387,Susette,Petey,Augusta,780,Jojo
261,Carmen,Esmaria,Lanette,781,Harrietta
856,Dina,Kaleena,Elsinore,782,Lorelle
65,Austen,Ebony,Eward,783,Cornela
17,Maximilianus,Alyce,Gunner,784,Hedwig
307,Darby,Marley,Gideon,785,Jimmy
743,Harriot,Virginie,Olly,786,Hertha
799,Ivette,Lanny,Geoffrey,787,Towney
548,Harmonie,Bartram,Harli,788,Phillipp
770,Noah,Sheelagh,Philippine,789,Wernher
481,Kay,Hailee,Salvatore,790,Lyndy
626,Panchito,Guenevere,Frederic,791,Padriac
383,Elinore,Khalil,Mendel,792,Dorthy
713,Violette,Linnet,Kris,793,Marketa
731,Meade,Brok,Madelina,794,Kalie
540,Aurel,Gilbert,Henri,795,Moyna
990,Romain,Codee,Madison,796,Vivian
528,Matty,Mirabella,Eb,797,Kaile
340,Erhart,Lilly,Tani,798,Raffarty
616,Claudius,Darwin,Grady,799,Charlena
130,Vanessa,Ettore,Kattie,800,Haley
658,Rudolf,Andromache,Leanora,801,Zuzana
139,Josias,Courtnay,Mella,802,Moyra
111,Alikee,Bamby,Heinrick,803,Caritta
670,Bealle,Demetre,Felicle,804,Lotty
963,Abbe,Robinia,Donielle,805,Doris
959,Billye,Odelle,Lotti,806,Kermy
154,Amery,Lilla,Gerik,807,Lea
630,Clair,Rani,Ugo,808,Loria
417,Archer,Carleen,Wally,809,Danya
357,Erminia,Margot,Meyer,810,Abby
743,Richart,Sasha,Chiarra,811,Korrie
968,Jeanie,Michelina,Jewel,812,Currey
754,Frederick,Leroi,Humberto,813,Corie
331,Arden,Isis,Kip,814,Bobbee
609,Grange,Paola,Kenton,815,Edsel
328,Gretel,Ogdan,Tim,816,Jobye
190,Merv,Ermina,Grantham,817,Vivianne
626,Hernando,Seymour,Charlotte,818,Dela
298,Effie,Flor,Helaine,819,Greggory
573,Waring,Simmonds,Kerrie,820,Fredrika
529,Matias,Alfons,Caddric,821,Jacqui
707,Andi,Vivianne,Robbi,822,Melisa
351,Anabella,Bobbette,Cherilyn,823,Vin
983,Dilan,Farand,Vernen,824,Gwenny
537,Carver,Frankie,Liuka,825,Nobe
71,Cass,Thibaut,Rebecca,826,Wenona
181,Ethyl,Catrina,Taddeusz,827,Ludwig
31,Pru,Koralle,Shantee,828,Lottie
708,Melisa,Peggie,Benedikt,829,Silvana
745,Yvor,Codee,Sheridan,830,Tricia
417,Belita,Robbert,Arlina,831,Agna
87,Reid,Pearline,Herschel,832,Odo
762,Olympe,Kelsey,Elissa,833,Michal
721,Lyssa,Bank,Lemmie,834,Mathilde
538,Dagmar,Thorndike,Lanni,835,Liam
33,Madeline,Nevile,Ferdinanda,836,Guy
258,Allister,Andromache,Ivie,837,Raffaello
476,Joanna,Bea,Sioux,838,Yehudit
772,Hercule,Jeannie,Parke,839,Theresita
568,Francklin,Murdoch,Josie,840,Quintana
114,Hazel,Aguie,Sapphira,841,Quint
999,Rafaellle,Gareth,Eunice,842,Babs
86,Riordan,Claudelle,Chrissy,843,Nannie
246,Hal,Alia,Selina,844,Lisa
972,Sergio,Corenda,Chester,845,Arabella
678,Sauveur,Chico,Bree,846,Gay
729,Willem,Myriam,Shaylyn,847,Nana
411,Chicky,Jacky,Vyky,848,Dalenna
966,Berny,Pasquale,Orelee,849,Jacob
675,Neddy,Beckie,Gerhardine,850,Merl
569,Lionello,Timmi,Patrizio,851,Chery
727,Deidre,Kendal,Lyn,852,Franz
285,Denise,Libbey,Paola,853,Corty
488,Garald,Celestina,Francisca,854,Garv
310,Mart,Evelin,Michael,855,Marjie
852,Ferdy,Tedra,Jacquette,856,Bernelle
318,Moe,Dix,Salomon,857,Monroe
938,Karole,Nathanial,Cinda,858,Rosmunda
795,Jimmy,Rick,Frankie,859,Gordie
262,Clio,Reyna,Stirling,860,Jasen
784,Giacomo,Jecho,Jennette,861,Erl
171,Cullan,Gonzalo,Enoch,862,Leanna
871,Clari,Ruthi,Somerset,863,Gwenneth
247,Evy,Jeramie,Purcell,864,Bill
106,Nathalie,Shandeigh,Pedro,865,Dolley
422,Vevay,Stewart,Alvis,866,Barbette
565,Graehme,Ema,Mavis,867,Isadora
869,Say,Etienne,Arv,868,Valli
516,Selina,Shurlock,Carlos,869,Loutitia
691,Sonny,Clarisse,Tiler,870,Padget
390,Fidelia,Deborah,Gunar,871,Karla
734,Alexis,Tiff,Gilda,872,Magda
803,Evania,Aurelea,Dorrie,873,Chaddie
359,Adria,Karmen,Ange,874,Ynes
67,Jesse,Luise,Kip,875,Tobit
199,Rosabelle,Althea,Welby,876,Wilona
913,Noll,Erinn,Terry,877,Cindi
7,Jenifer,Ingelbert,Gwenny,878,Alwin
198,Analise,Zia,Morganne,879,Der
704,Collette,Tessi,Charlotta,880,Valencia
791,Hildegarde,Beniamino,Monica,881,Dukey
773,Ringo,Nikki,Vera,882,Conney
335,Marven,Aldo,Ingeborg,883,Miran
888,Bathsheba,Mariele,Alexander,884,Mattheus
915,Marice,Roanna,Sheff,885,Biddie
241,Genny,Perren,Nedda,886,Sibley
805,Sonja,Clayborne,Petronia,887,Eleni
514,Gib,Chiarra,Chandler,888,Kayla
325,Malcolm,Christa,Ellen,889,Zebedee
423,Elene,Angelico,Robbert,890,Hermia
471,Montague,Austina,Ruben,891,Karissa
203,Chastity,Theo,Silvie,892,Tyrone
468,Shaylah,Isidor,Rorie,893,Mareah
797,Samara,Alley,Viv,894,Freddie
101,Michael,Tiffy,Naomi,895,Blanca
720,Ermengarde,Montgomery,Wadsworth,896,Darryl
977,Natassia,Mora,Nickolaus,897,Cassie
648,Angel,Jordan,Marie-jeanne,898,Erick
832,Steve,Kalle,Baxter,899,Catina
623,Tremain,Erik,Baillie,900,Royal
407,Fionnula,Jeralee,Hurleigh,901,Reginauld
777,Hew,Joby,Hilary,902,Marti
76,Normie,Johnna,Ida,903,Harold
220,Tore,Mignonne,Conan,904,Donetta
471,Melvyn,Allis,Dionis,905,Daren
457,Owen,Jozef,Cobb,906,Mikey
305,Dorine,Chantal,Purcell,907,Lois
597,Sunny,Lars,Brockie,908,Haley
369,Georas,Simeon,Locke,909,Marcela
705,Darla,Neils,Lurleen,910,Bryn
382,Frannie,Dilly,Lisa,911,Leshia
595,Abbey,Milicent,Rora,912,Dalton
171,Zolly,Elna,Rhonda,913,Lilly
766,Carma,Elfrieda,Carlie,914,Avery
351,Izaak,Marge,Abran,915,Arlin
532,Antonia,Raffaello,Madelena,916,Alameda
151,Lutero,Timmie,Orelia,917,Samantha
587,Julietta,Lindsey,Garvin,918,Ameline
122,Belita,Delainey,Dame,919,Dredi
332,Sylas,Vasilis,Thomasin,920,Hendrika
318,Moina,Corilla,Miof mela,921,Ardelia
244,Chet,Colly,Sargent,922,Saunders
187,Waylen,Xenia,Keslie,923,Nilson
207,Lennie,Nancie,Trever,924,Myrtice
63,Timmy,Moishe,Weider,925,Aguistin
140,Lorita,Robinetta,Samson,926,Jandy
338,Zacherie,Lenee,Morie,927,Nert
709,Marge,Analiese,Jewelle,928,Lenora
192,Welsh,Merill,Seamus,929,Benoite
641,Tiffanie,Tabbitha,Kendall,930,Nataline
559,Kirk,Marice,Dari,931,Quinta
299,Tannie,Yevette,Damaris,932,Amos
43,Maria,Casper,Jaclin,933,Jeromy
459,Collete,Fae,Victoria,934,Loydie
339,Ailsun,Neille,Sergent,935,Orin
400,Padriac,Edmon,Christophorus,936,Cinderella
270,Timmi,Aldon,Gallard,937,Donal
193,Fredi,Dirk,Dehlia,938,Erl
5,Quincey,Merv,L;urette,939,Merrily
815,Dominica,Jeno,Eartha,940,Christophe
50,Carmencita,Willy,Sharleen,941,Evangelia
351,Ariadne,Garrek,Brose,942,Roxanna
875,Basilius,Raychel,Angelle,943,Jeannette
683,Scot,Giff,Ryan,944,Gina
912,Karole,Emmett,Maxie,945,Hewie
981,Griffith,Laurena,Chuck,946,Hewitt
852,Laura,Melba,Ellerey,947,Wyndham
389,Fleurette,Bess,Wynnie,948,Avis
750,Antonius,Truman,Justin,949,Eduardo
845,Iseabal,Kacy,Granthem,950,Maryanna
248,Kilian,Robinia,Alisun,951,Claudine
272,Stepha,Shina,Lil,952,Rance
570,Dominique,Katherina,Katerina,953,Gennifer
409,Stanford,Mayne,Dominic,954,Sharai
104,Garey,Adelheid,Matthias,955,Joelynn
757,Myrna,Aldo,Artur,956,Ethelind
281,Darcie,Nedda,Kerri,957,Emelina
829,Marylynne,Greta,Judith,958,Doe
792,Gael,Luis,Carina,959,Agustin
409,Arturo,Isacco,Melvin,960,Concordia
200,Kincaid,Eba,Piper,961,Finley
944,Abel,Benetta,Yorker,962,Bastien
994,Pepe,Sollie,Dixie,963,Kalindi
397,Cindra,Roddy,Kenny,964,Jaclin
329,Urbano,Kylie,Amity,965,Lemmy
402,Earvin,Mariska,Steffie,966,Darby
693,Davine,Deina,Isidora,967,Giana
95,Ardeen,Carmelle,Juieta,968,Esteban
733,Babb,Kari,Brendin,969,Lilian
73,Thornie,Cordy,Klement,970,Galvin
380,Ertha,Roxanna,Jaymie,971,Yoshiko
459,Osborne,Pearla,Shina,972,Geri
685,Babs,Derron,Claudine,973,Ava
868,Lillis,Farand,Camel,974,Osmund
436,Trenton,Konstance,Frederica,975,Purcell
66,Sena,Ado,Karol,976,Sigrid
338,Blisse,Lissi,Bobby,977,Bambi
565,Abram,Pepe,Carlie,978,Ashlen
978,Maximilien,Elaina,Vivyanne,979,Tibold
894,Adeline,Sharona,Prentice,980,Darda
16,Lamond,Jeniffer,Nertie,981,Parker
769,Whittaker,Seymour,Zora,982,Nicky
466,Maitilde,Elyn,Anna,983,Harlin
44,Ron,Merrel,Belinda,984,Katrine
446,Riane,Minta,Tammie,985,Inger
848,Friedrich,Tadd,Jordan,986,Regan
794,Deina,Anton,Nicoli,987,Alyse
841,Zebulen,Reggie,Inglis,988,Glenn
183,Ginger,Max,Arvy,989,Ruttger
505,Fifi,Pacorro,Olivero,990,Jilly
330,Cordelie,Beaufort,Timothy,991,Carena
198,Celinda,Orson,Nicolas,992,Marcelle
167,Tabby,Annabela,Raleigh,993,Abner
273,Petra,Allyn,Ward,994,Leese
974,Nil,Kinnie,Regan,995,Elvera
963,Janela,Roz,Ingelbert,996,Billie
439,Llewellyn,Bealle,Carmelle,997,Josi
140,Onida,Antoinette,Eamon,998,Eddy
212,Nadeen,Gabriel,Carly,999,Ramsay
246,Felisha,Zebedee,Mariel,1000,Evin
